{"cameraMode":{"drawMode":0,"name":"Shaded","section":"Shading Mode"},"sceneLighting":true,"audioPlay":false,"sceneViewState":{"showFog":true,"showMaterialUpdate":false,"showSkybox":true,"showFlares":true,"showImageEffects":true,"showParticleSystems":true},"in2DMode":false,"pivot":{"x":2.357905626296997,"y":0.16194581985473634,"z":0.0},"rotation":{"x":-0.2616066038608551,"y":-0.08758963644504547,"z":0.023846706375479699,"w":-0.9608980417251587},"size":54.11808395385742,"orthographic":false}